"","Towns.by.Size","County","TownSize","PersonsPerSqKm","TotalPopulation","AllHouseholds","Household_Income","Avg_Rent","PC_ICTOwnsPC","PC_ICTInternet","PC_HeatingNoCentral","PC_SeweragePublic","PC_SewerageIndSeptic","RentIncomeRatio","PeoplePerHouse"
"1","Drogheda","LH","> 20K",2776.6,40956,14558,38876,816.13,0.662865778266245,0.788295095480148,0.00872372578650914,0.926226129962907,0.00872372578650914,0.251917892787324,2.81329853001786
"2","Dundalk","LH","> 20K",1651,39004,14443,36591,726.58,0.623069999307623,0.759122066052759,0.00830852316000831,0.91947656304092,0.0204251194350204,0.238281544642125,2.7005469777747
"3","Swords","D","> 20K",3791.7,39248,12889,60409,1203.5,0.778415703312902,0.902397393125921,0.00403444797889673,0.932888509581814,0.00837923811001629,0.23907033720141,3.04507719761037
"4","Bray","WW","> 20K",4035.7,32600,11338,48909,1131.94,0.742017992591286,0.84653378020815,0.01605221379432,0.946992414887987,0.00820250485094373,0.277725571980617,2.8752866466749
"5","Ennis","CE","> 20K",1286.6,25276,9729,40508,585.05,0.674170007194984,0.785897831226231,0.00997019220886011,0.87162092712509,0.0682495631616816,0.173313913301076,2.59800596155823
"6","Kilkenny","KK","> 20K",2115.9,26512,9672,41347,693.92,0.670802315963606,0.795181968569065,0.0108560794044665,0.947994210090984,0.0122001654259719,0.201394055191429,2.74110835401158
"7","Tralee","KY","> 20K",1260.6,23691,9244,32995,597.1,0.630787537862397,0.746321938554738,0.0219601903937689,0.896906101254868,0.0431631328429251,0.21716017578421,2.56285157940286
"8","Carlow","CW","> 20K",2063.4,24272,9032,35890,665.86,0.645704162976085,0.780447298494243,0.00686448184233835,0.904782993799823,0.0179362267493357,0.22263360267484,2.6873339238264
"9","Naas","KE","> 20K",2567.7,21393,7109,61241,1064.64,0.791531861021241,0.892530595020397,0.00661133774089183,0.959909973273316,0.010831340554227,0.208613183978054,3.00928400618934
"10","Athlone","WH","> 20K",1338.8,21349,7963,37199,670.39,0.646238854703001,0.775461509481351,0.0110511113901796,0.894260956925782,0.0355393695843275,0.216260652168069,2.68102473941982
"11","Portlaoise","LS","> 20K",1829.3,22050,7452,40242,666.16,0.66304347826087,0.812667740203972,0.00617283950617284,0.924181427804616,0.00791733762748256,0.198646190547189,2.95893719806763
"12","Mullingar","WH","> 20K",1575,20928,7698,40156,603.52,0.664718108599636,0.797609768771109,0.00961288646401663,0.932839698623019,0.0187061574434918,0.180352624763423,2.71862821512081
"13","Wexford","WX","> 20K",998,20188,8026,35160,610.5,0.618739097931722,0.739845502118116,0.0206827809618739,0.916895090954398,0.0351358086219786,0.208361774744027,2.51532519312235
"14","Balbriggan","D","> 20K",4514.1,21722,7271,43560,971.11,0.692201897950763,0.836473662494842,0.00893962316050062,0.915692476963279,0.00852702516847751,0.267523415977961,2.9874845275753
"15","Letterkenny","DL","5K-20K",1240,19274,7466,35818,514.64,0.654835253147602,0.786632735065631,0.00562550227698902,0.860032145727297,0.0663005625502277,0.17241833714892,2.58156978301634
"16","Celbridge","KE","> 20K",3463.5,20288,6543,64877,1108.39,0.819196087421672,0.916857710530338,0.00504355800091701,0.961179886902033,0.0117683020021397,0.205013795335789,3.1007183249274
"17","Sligo","SO","5K-20K",1858.5,19199,7486,34802,642.07,0.618755009350788,0.750333956719209,0.0133582687683676,0.915308576008549,0.0253807106598985,0.221390724670996,2.5646540208389
"18","Clonmel","T","5K-20K",1636.4,17140,6727,38509,626.75,0.634309499033745,0.755314404638026,0.0121896833655418,0.933700014865467,0.0310688271146128,0.195304993637851,2.54794113274862
"19","Greystones","WW","5K-20K",2036.6,18140,6214,63232,1299.12,0.830061152236884,0.910524621821693,0.0065980045059543,0.939813324750563,0.0294496298680399,0.246543522267206,2.91921467653685
"20","Malahide","D","5K-20K",2850.3,16550,5753,78631,1572.97,0.859725360681384,0.922822875021728,0.00417173648531201,0.957239701025552,0.0112984529810534,0.240053414047895,2.87675995132974
"21","Leixlip","KE","5K-20K",3138.9,15504,5219,63106,1190.83,0.811458133742096,0.913010155202146,0.0053650124544932,0.965127419045794,0.00421536692853037,0.226443761290527,2.97068403908795
"22","Carrigaline","C","5K-20K",3430.1,15770,5219,59353,907.39,0.801302931596091,0.896915117838666,0.0040237593408699,0.949798812032956,0.023567733282238,0.183456270112715,3.02165165740563
"23","Tullamore","OY","5K-20K",1101.5,14607,5306,38423,615.95,0.62532981530343,0.751978891820581,0.00829249905767056,0.906709385601206,0.0265736901620807,0.1923691538922,2.75292122125895
"24","Killarney","KY","5K-20K",1796.3,14504,4542,38560,702.82,0.644870101276971,0.746147071774549,0.0132100396301189,0.886613826508146,0.0387494495816821,0.218719917012448,3.19330691325407
"25","Arklow","WW","5K-20K",2492.5,13163,4845,37726,730.7,0.665428276573787,0.785552115583075,0.0179566563467492,0.906707946336429,0.012796697626419,0.232423262471505,2.71682146542828
"26","Maynooth","KE","5K-20K",2818.8,14585,4673,64529,1227.95,0.796276481917398,0.911833939653328,0.00449390113417505,0.941793280547828,0.0089878022683501,0.228353143547862,3.12112133533062
"27","Cobh","C","5K-20K",2521.9,12800,4707,43630,713.96,0.68578712555768,0.8102825578925,0.018058211174846,0.912258338644572,0.0301678351391545,0.196367636947055,2.71935415338857
"28","Castlebar","MO","5K-20K",1534.8,12068,4738,37271,557.44,0.668425495989869,0.772055719712959,0.013507809202195,0.94596876319122,0.011397214014352,0.179476805022672,2.5470662726889
"29","Midleton","C","5K-20K",1611.6,12496,4485,44382,793.26,0.689855072463768,0.811371237458194,0.0156075808249721,0.911482720178372,0.0202898550724638,0.214481546572935,2.78617614269788
"30","Mallow","C","5K-20K",1517.9,12459,4625,38808,679.38,0.642162162162162,0.756108108108108,0.0105945945945946,0.904,0.0378378378378378,0.210074211502783,2.69383783783784
"31","Ashbourne","MH","5K-20K",3847.6,12679,4108,58257,1074.48,0.772151898734177,0.900194741966894,0.00365141187925998,0.935491723466407,0.00827653359298929,0.221325505947783,3.08641674780915
"32","Ballina","MO","5K-20K",1508.9,10171,3969,32779,545.5,0.590576971529353,0.72008062484253,0.0146132527084908,0.948349710254472,0.0123456790123457,0.199701028097257,2.5626102292769
"33","Enniscorthy","WX","5K-20K",1977.2,11381,4318,31049,557.07,0.540296433534044,0.695229272811487,0.0229272811486799,0.921723019916628,0.0467809170912459,0.215299687590583,2.63571097730431
"34","Wicklow","WW","5K-20K",2015.2,10584,3796,45659,1021.69,0.741833508956797,0.836143308746048,0.017650158061117,0.964699683877766,0.0123814541622761,0.268518364396943,2.7881981032666
"35","Tramore","W","5K-20K",1799.5,10381,3802,41850,600.59,0.736454497632825,0.833245660178853,0.011572856391373,0.960284061020516,0.0110468174644924,0.172212186379928,2.7304050499737
"36","Athy","KE","5K-20K",1557.5,9677,3644,34286,659.66,0.58781558726674,0.743962678375412,0.015642151481888,0.913282107574094,0.0216794731064764,0.2308790760077,2.65559824368825
"37","Shannon","CE","5K-20K",1387.5,9729,3678,41841,608.07,0.717781402936378,0.831430125067972,0.011963023382273,0.943447525829255,0.00625339858618815,0.174394493439449,2.64518760195759
"38","Skerries","D","5K-20K",3101.4,10043,3527,58875,1147.61,0.791891125602495,0.866175219733485,0.00680464984406011,0.962290898780834,0.00793875815140346,0.233907770700637,2.84746243266232
"39","Longford","LD","5K-20K",1387.3,10008,3778,29224,465.02,0.583906829010058,0.706458443620963,0.0182636315510852,0.913975648491265,0.0166754896770778,0.190947166712291,2.64902064584436
"40","Dungarvan","W","5K-20K",2050.7,9227,3552,35364,582.14,0.613738738738739,0.741554054054054,0.0143581081081081,0.934403153153153,0.00816441441441441,0.197536477774007,2.59769144144144
"41","Portmarnock","D","5K-20K",2587.3,9466,3337,70243,1379.9,0.856158225951453,0.923883727899311,0.00239736290080911,0.937668564578963,0.0161821995804615,0.235735945218741,2.83667965238238
"42","Rush","D","5K-20K",1699.5,9943,3225,54890,1046.96,0.755968992248062,0.86015503875969,0.00558139534883721,0.896124031007752,0.0282170542635659,0.228885407177992,3.0831007751938
"43","Gorey","WX","5K-20K",1856,9822,3566,36311,673.87,0.655636567582726,0.78771733034212,0.0131800336511497,0.936062815479529,0.0176668536174986,0.22269945746468,2.7543466068424
"44","Ratoath","MH","5K-20K",3254.8,9533,2790,72810,1131.9,0.812186379928315,0.925089605734767,0.0017921146953405,0.946236559139785,0.0168458781362007,0.18655129789864,3.4168458781362
"45","Nenagh","T","5K-20K",1453.3,8968,3583,35126,547.9,0.616243371476416,0.730672620708903,0.015908456600614,0.908177504884175,0.0262349986045214,0.187177589250128,2.50293050516327
"46","Trim","MH","5K-20K",1652.3,9194,3052,47162,780.41,0.699213630406291,0.818479685452162,0.00557011795543906,0.953473132372215,0.00917431192660551,0.198569187057377,3.01245085190039
"47","Tuam","G","5K-20K",1354.4,8767,3452,35174,606.59,0.608922363847045,0.724217844727694,0.0101390498261877,0.9058516801854,0.0254924681344148,0.20694490248479,2.53968713789108
"48","New Ross","WX","5K-20K",1311.6,8040,3237,31531,550.73,0.594995366079703,0.717021933889404,0.0256410256410256,0.898980537534754,0.0454124189063948,0.209595636040722,2.483781278962
"49","Kildare","KE","5K-20K",2781.4,8634,2958,42750,992.54,0.649087221095335,0.819134550371873,0.013184584178499,0.929006085192698,0.0172413793103448,0.278607719298246,2.91886409736308
"50","Thurles","T","5K-20K",1151.3,7940,3203,34001,551.76,0.579456759288167,0.714330315329379,0.0187324383390571,0.928192319700281,0.025913206369029,0.194733096085409,2.47892600686856
"51","Youghal","C","5K-20K",1562.7,7963,3175,32715,603.97,0.646299212598425,0.773858267716535,0.031496062992126,0.943937007874016,0.0251968503937008,0.221538743695553,2.50803149606299
"52","Portarlington","LS","5K-20K",1980.4,8368,2999,39028,604.45,0.644548182727576,0.799266422140714,0.00800266755585195,0.937979326442147,0.0193397799266422,0.185851183765502,2.79026342114038
"53","Monaghan","MN","5K-20K",1146.1,7678,2917,34975,535.41,0.665752485430237,0.783681864929722,0.0102845389098389,0.906753513884128,0.0435378813849846,0.183700357398142,2.63215632499143
"54","Lusk","D","5K-20K",4052,7786,2460,59522,1125.16,0.779268292682927,0.906910569105691,0.00528455284552846,0.922357723577236,0.0203252032520325,0.226839151910218,3.1650406504065
"55","Edenderry","OY","5K-20K",1724.6,7359,2523,39929,603.81,0.619500594530321,0.767340467697186,0.00832342449464923,0.945699564011098,0.012683313515656,0.181465100553482,2.91676575505351
"56","Dunboyne","MH","5K-20K",3563.8,7272,2183,69652,1155.49,0.800732936326157,0.902885936784242,0.00412276683463124,0.950068712780577,0.0119102153000458,0.199073680583472,3.33119560238204
"57","Buncrana","DL","5K-20K",821.9,6785,2529,28458,466.86,0.63582443653618,0.762356662712535,0.00790826413602214,0.888888888888889,0.0533807829181495,0.196862745098039,2.68287860814551
"58","Donabate","D","5K-20K",3858.3,7443,2414,69026,1123.08,0.809030654515327,0.888566694283347,0.00538525269262635,0.926677713338857,0.00911350455675228,0.195244690406513,3.08326429163215
"59","Clane","KE","5K-20K",2483.7,7280,2492,55359,987.17,0.778089887640449,0.893258426966292,0.0036115569823435,0.907303370786517,0.0300963081861958,0.21398580176665,2.92134831460674
"60","Ballinasloe","G","5K-20K",773.8,6662,2418,36135,540.9,0.598014888337469,0.715467328370554,0.00785773366418528,0.908602150537634,0.0459057071960298,0.179626400996264,2.75516956162117
"61","Bandon","C","5K-20K",1694.3,6957,2641,37183,737.14,0.658841347974252,0.756152972358955,0.0215827338129496,0.9201060204468,0.0401363120030292,0.237895812602533,2.63422945853843
"62","Fermoy","C","5K-20K",1428.1,6585,2500,38263,630.42,0.6432,0.7596,0.0156,0.9156,0.0296,0.197711627420746,2.634
"63","Newcastle West","L","5K-20K",1423.6,6619,2536,36229,545.71,0.624605678233438,0.730678233438486,0.0141955835962145,0.918375394321767,0.0319400630914827,0.180753539981783,2.61001577287066
"64","Westport","MO","5K-20K",798.1,6198,2284,36893,653.81,0.686514886164623,0.776707530647986,0.0131348511383538,0.943957968476357,0.0232049036777583,0.212661480497655,2.71366024518389
"65","Birr","OY","2K-5K",1329.5,4370,1673,34365,540.83,0.578003586371787,0.693365212193664,0.0185295875672445,0.930663478780634,0.0131500298864316,0.188853775643824,2.61207411835027
"66","Passage West","C","5K-20K",1053.6,5843,2100,50276,857.5,0.752380952380952,0.855714285714286,0.0152380952380952,0.897142857142857,0.0676190476190476,0.204670220383483,2.78238095238095
"67","Roscommon","RN","5K-20K",644.8,5876,2147,39066,489.29,0.666977177456917,0.750815090824406,0.0102468560782487,0.897531439217513,0.0414531904983698,0.150296421440639,2.73684210526316
"68","Kilcock","KE","5K-20K",3406.3,6093,1982,58195,974.2,0.753279515640767,0.891523713420787,0.00857719475277497,0.946014127144299,0.012108980827447,0.200883237391528,3.07416750756811
"69","Roscrea","T","5K-20K",895.7,5446,2040,33331,552.36,0.550980392156863,0.71078431372549,0.0132352941176471,0.859313725490196,0.0794117647058823,0.198863520446431,2.66960784313725
"70","Tipperary","T","2K-5K",1205.4,4979,2111,27557,566.27,0.538133585978209,0.649928943628612,0.0336333491236381,0.94126006631928,0.0265277119848413,0.246588525601481,2.35859782093794
"71","Sallins","KE","5K-20K",3883.5,5849,1921,58248,1016.84,0.801145236855804,0.916189484643415,0.00312337324310255,0.953669963560645,0.00832899531494014,0.209484960857025,3.0447683498178
"72","Loughrea","G","5K-20K",1344,5556,2221,36101,626.63,0.611886537595678,0.736154885186853,0.0117064385411977,0.930661864025214,0.0112561909049977,0.208292291072269,2.5015758667267
"73","Blessington","WW","5K-20K",3139.7,5520,1809,54750,1035.19,0.767274737423991,0.887783305693753,0.00773908236594804,0.935876174682145,0.0237700386954118,0.22689095890411,3.0514096185738
"74","Ardee","LH","2K-5K",1921.5,4928,1811,35842,669.91,0.618995030369961,0.760905577029266,0.00717835450027609,0.932633903920486,0.0220872446162341,0.224287707159199,2.72114853672004
"75","Carrickmacross","MN","5K-20K",1362.2,5032,1976,34899,563.56,0.641194331983806,0.745445344129555,0.00404858299595142,0.918522267206478,0.0293522267206478,0.193779764463165,2.54655870445344
"76","Kinsale","C","5K-20K",1229.3,5281,1922,41534,960.16,0.708636836628512,0.796045785639958,0.0228928199791883,0.851196670135276,0.0572320499479709,0.277409351374777,2.74765868886576
"77","Listowel","KY","2K-5K",889.8,4820,2050,31571,494.5,0.611219512195122,0.713658536585366,0.0136585365853659,0.917073170731707,0.0512195121951219,0.187957302587818,2.35121951219512
"78","Oranmore","G","2K-5K",2016.3,4990,1836,60985,849.61,0.793572984749455,0.900871459694989,0.00544662309368192,0.945533769063181,0.0174291938997821,0.16717750266459,2.71786492374728
"79","Mountmellick","LS","2K-5K",1569.7,4777,1716,34784,556.66,0.555944055944056,0.724358974358974,0.0104895104895105,0.912004662004662,0.048951048951049,0.192040018399264,2.78379953379953
"80","Clonakilty","C","2K-5K",1337.8,4592,1677,39210,664.48,0.673822301729278,0.763267740011926,0.035778175313059,0.907573047107931,0.0477042337507454,0.203360367253252,2.73822301729278
"81","Carrigtwohill","C","5K-20K",3303.9,5080,1715,53462,821.55,0.732361516034985,0.852478134110787,0.00816326530612245,0.927696793002915,0.0110787172011662,0.184403875649994,2.96209912536443
"82","Cashel","T","2K-5K",1665.6,4422,1689,32804,555.21,0.567791592658378,0.712255772646536,0.0124333925399645,0.939609236234458,0.019538188277087,0.20310084136081,2.61811722912966
"83","Kilcoole","WW","2K-5K",2438.2,4239,1379,54388,1122.27,0.729514140681653,0.841914430746918,0.0108774474256708,0.946337926033358,0.0195794053662074,0.247614179598441,3.07396664249456
"84","Duleek","MH","2K-5K",2329.5,4219,1365,44686,864.27,0.648351648351648,0.80952380952381,0.00659340659340659,0.919413919413919,0.0234432234432234,0.232091482791031,3.09084249084249
"85","Tullow","CW","2K-5K",1057.3,4673,1702,35667,615.3,0.598119858989424,0.734430082256169,0.0123384253819036,0.924206815511163,0.0240893066980024,0.20701488771133,2.74559341950646
"86","Athenry","G","2K-5K",1623.6,4445,1614,44275,676.89,0.710656753407683,0.825278810408922,0.00681536555142503,0.849442379182156,0.0539033457249071,0.18345974025974,2.75402726146221
"87","Dunshaughlin","MH","2K-5K",2251.1,4035,1355,59096,895.55,0.790405904059041,0.881918819188192,0.00590405904059041,0.954981549815498,0.00590405904059041,0.181849871395695,2.97785977859779
"88","Macroom","C","2K-5K",1230.3,3765,1414,40472,654.97,0.61032531824611,0.72984441301273,0.0190947666195191,0.934936350777935,0.0148514851485149,0.194199446530935,2.66265912305516
"89","Monasterevin","KE","2K-5K",1235.2,4246,1488,39970,776.4,0.595430107526882,0.768817204301075,0.0120967741935484,0.907930107526882,0.0342741935483871,0.233094821115837,2.85349462365591
"90","Mitchelstown","C","2K-5K",1323.5,3740,1499,33340,600.14,0.587725150100067,0.71180787191461,0.0166777851901268,0.919279519679786,0.0266844563042028,0.216007198560288,2.49499666444296
"91","Castleblayney","MN","2K-5K",1348.6,3607,1445,31533,527.18,0.566089965397924,0.698269896193772,0.00761245674740484,0.877508650519031,0.0283737024221453,0.200620302540196,2.4961937716263
"92","Cahir","T","2K-5K",1351.3,3593,1392,33167,524.61,0.612068965517241,0.727729885057471,0.0208333333333333,0.890086206896552,0.0488505747126437,0.189806735610697,2.58117816091954
"93","Kilcullen","KE","2K-5K",1964.8,3710,1296,49255,915.14,0.684413580246914,0.834876543209876,0.0115740740740741,0.914351851851852,0.0246913580246914,0.222955639021419,2.86265432098765
"94","Rathcoole","D","2K-5K",3120.7,4351,1550,58034,1166.44,0.743225806451613,0.872903225806452,0.00709677419354839,0.93741935483871,0.0154838709677419,0.241191025950305,2.80709677419355
"95","Claremorris","MO","2K-5K",1111.3,3687,1444,37226,509.92,0.67382271468144,0.794321329639889,0.00761772853185596,0.952908587257618,0.0228531855955679,0.16437543652286,2.55332409972299
"96","Bantry","C","2K-5K",1179,2722,1171,26663,551.02,0.56532877882152,0.644748078565329,0.0426985482493595,0.89069171648164,0.0640478223740393,0.24799309905112,2.32450896669513
"97","Tower","C","2K-5K",1740.3,3421,1134,60548,991.15,0.772486772486772,0.858024691358025,0.00440917107583774,0.901234567901235,0.0520282186948854,0.196435885578384,3.01675485008818
"98","Clara","OY","2K-5K",859.6,3336,1226,35217,566.58,0.553833605220228,0.708809135399674,0.00897226753670473,0.874388254486134,0.0954323001631321,0.193059033989267,2.721044045677
"99","Stamullen","MH","2K-5K",3627.6,3361,1018,62205,964.63,0.777996070726916,0.915520628683694,0.000982318271119843,0.957760314341847,0.00785854616895874,0.186087292018326,3.30157170923379
"100","Kill","KE","2K-5K",2995.1,3348,1129,59066,1065.6,0.765279007971656,0.891939769707706,0.00531443755535872,0.979627989371125,0.00620017714791851,0.216490028104155,2.96545615589017
"101","Rathnew","WW","2K-5K",2896.5,3370,1093,41866,984.45,0.642268984446478,0.818847209515096,0.00914913083257091,0.947849954254346,0.00731930466605672,0.282171690632016,3.0832570905764
"102","Enfield","MH","2K-5K",2506.3,3239,1024,56742,976.15,0.77734375,0.8994140625,0.00390625,0.9580078125,0.005859375,0.206439674315322,3.1630859375
"103","Annacotty","L","2K-5K",1851.7,2930,957,66779,891.72,0.819226750261233,0.917450365726228,0.00313479623824451,0.950888192267503,0.0167189132706374,0.160239596280268,3.06165099268548
"104","Moate","WH","2K-5K",1422.7,2763,1076,38249,563.9,0.642193308550186,0.768587360594796,0.0139405204460967,0.908921933085502,0.0362453531598513,0.176914429135402,2.567843866171
"105","Ballinrobe","MO","2K-5K",1087.7,2786,1035,36043,477,0.658937198067633,0.786473429951691,0.0106280193236715,0.930434782608696,0.0280193236714976,0.15881030990761,2.69178743961353
"106","Kilrush","CE","2K-5K",821.6,2719,1071,29887,457.53,0.509803921568627,0.610644257703081,0.0214752567693744,0.927170868347339,0.0224089635854342,0.183703951550841,2.53874883286648
"107","Skibbereen","C","2K-5K",892.2,2778,1211,28392,520.19,0.652353426919901,0.715937241948803,0.0346820809248555,0.881915772089182,0.0429397192402973,0.219860524091293,2.29397192402973
"108","Kinnegad","WH","2K-5K",2739.9,2745,907,41177,680.63,0.657111356119074,0.820286659316428,0.00771775082690187,0.934950385887541,0.0176405733186329,0.198352478325279,3.02646085997795
"109","Newcastle","G","2K-5K",1451.6,3093,1076,57846,1146.98,0.745353159851301,0.877323420074349,0.00278810408921933,0.845724907063197,0.0836431226765799,0.237937973239291,2.87453531598513
"110","Gort","G","2K-5K",871.3,2994,1142,32133,621.41,0.607705779334501,0.718038528896673,0.010507880910683,0.784588441330998,0.120840630472855,0.232064233031463,2.62171628721541
"111","Donegal","DL","2K-5K",891.4,2618,1019,34278,486.35,0.648675171736997,0.756624141315015,0.00588812561334642,0.886162904808636,0.0480863591756624,0.170260808681953,2.56918547595682
"112","Boyle","RN","2K-5K",679.8,2568,1044,28922,445.01,0.589080459770115,0.709770114942529,0.00862068965517241,0.957854406130268,0.0134099616858238,0.184638683355231,2.45977011494253
"113","Ballyjamesduff","CN","2K-5K",1574.4,2661,884,37235,515.45,0.686651583710407,0.782805429864253,0.0113122171945701,0.849547511312217,0.0294117647058824,0.166117899825433,3.01018099547511
"114","Carndonagh","DL","2K-5K",505.8,2471,966,25498,404.63,0.576604554865424,0.737060041407868,0.005175983436853,0.82815734989648,0.0942028985507246,0.190429053259079,2.55797101449275
"115","Bailieborough","CN","2K-5K",649.6,2683,1049,32142,498.13,0.563393708293613,0.742612011439466,0.0104861773117255,0.824594852240229,0.121067683508103,0.18597349262647,2.55767397521449
"116","Castleisland","KY","2K-5K",731.9,2486,1003,33675,525.05,0.584247258225324,0.698903290129611,0.0279162512462612,0.784646061814556,0.174476570289133,0.187100222717149,2.47856430707876
"117","Sixmilebridge","CE","2K-5K",2114.2,2625,900,48672,620.14,0.715555555555556,0.843333333333333,0.00333333333333333,0.93,0.0333333333333333,0.152894477317554,2.91666666666667
"118","Blarney","C","2K-5K",1370.8,2539,886,51112,839.84,0.704288939051919,0.805869074492099,0.00451467268623025,0.936794582392777,0.0406320541760722,0.197176396932227,2.86568848758465
"119","Newtownmountkennedy","WW","2K-5K",1539.3,2835,913,47665,1139.21,0.687842278203724,0.817086527929901,0.00438116100766703,0.911281489594743,0.0394304490690033,0.286804153991398,3.10514786418401
"120","Athboy","MH","2K-5K",1798,2445,880,39717,681.84,0.694318181818182,0.817045454545455,0.00909090909090909,0.940909090909091,0.0227272727272727,0.206009517335146,2.77840909090909
"121","Rathangan","KE","2K-5K",1007.7,2611,903,44565,812.12,0.642303433001107,0.789590254706534,0.00553709856035437,0.857142857142857,0.08859357696567,0.218679232581622,2.89147286821705
"122","Callan","KK","2K-5K",1188.9,2475,894,37393,659.86,0.605145413870246,0.739373601789709,0.00671140939597315,0.910514541387025,0.0592841163310962,0.211759420212339,2.76845637583893
"123","Kingscourt","CN","2K-5K",1495.7,2499,913,40045,545.92,0.610076670317634,0.773274917853231,0.00219058050383352,0.92552026286966,0.0273822562979189,0.163591959046073,2.73713033953998
"124","Ballyhaunis","MO","2K-5K",969.1,2366,814,32962,470.99,0.627764127764128,0.748157248157248,0.0122850122850123,0.883292383292383,0.0515970515970516,0.171466537224683,2.90663390663391
"125","Virginia","CN","2K-5K",1328.8,2648,1008,36164,587.9,0.675595238095238,0.796626984126984,0.00396825396825397,0.929563492063492,0.0148809523809524,0.195077978099768,2.62698412698413
"126","Thomastown","KK","2K-5K",739.2,2445,898,35307,643.56,0.638084632516704,0.771714922048998,0.010022271714922,0.888641425389755,0.0723830734966592,0.218730563344379,2.72271714922049
"127","Kanturk","C","2K-5K",753.2,2350,966,35004,561.57,0.596273291925466,0.717391304347826,0.020703933747412,0.91304347826087,0.05175983436853,0.192516283853274,2.43271221532091
"128","Kenmare","KY","2K-5K",768.5,2376,913,30898,568.81,0.644030668127054,0.721796276013144,0.0131434830230011,0.820372398685652,0.0876232201533406,0.220911385850217,2.60240963855422
"129","Saggart","D","2K-5K",3274.4,3133,1100,57020,1225.99,0.756363636363636,0.883636363636364,0.00181818181818182,0.907272727272727,0.01,0.258012627148369,2.84818181818182
"130","Bundoran","DL","< 2K",586.6,1963,803,27448,444.42,0.576587795765878,0.692403486924035,0.0087173100871731,0.902864259028643,0.0186799501867995,0.194296123579131,2.44458281444583
"131","Cootehill","CN","< 2K",1002.4,1853,796,28584,478.16,0.5678391959799,0.689698492462312,0.0100502512562814,0.958542713567839,0.0163316582914573,0.200738874895046,2.32788944723618
"132","Crosshaven","C","2K-5K",1273.6,2577,946,51390,866.28,0.73784355179704,0.852008456659619,0.0274841437632135,0.750528541226216,0.161733615221987,0.202283712784588,2.72410147991543
"133","Killorglin","KY","2K-5K",923.9,2199,927,33714,559.63,0.656957928802589,0.737864077669903,0.0215749730312837,0.884573894282632,0.0539374325782093,0.199192027051077,2.37216828478964
"134","Templemore","T","< 2K",875.9,1939,807,32756,514.13,0.57001239157373,0.657992565055762,0.0173482032218092,0.894671623296159,0.0532837670384139,0.188349004762486,2.40272614622057
"135","Baltinglass","WW","2K-5K",800.4,2137,762,38920,745.33,0.628608923884514,0.753280839895013,0.010498687664042,0.927821522309711,0.026246719160105,0.229803699897225,2.80446194225722
"136","Clifden","G","< 2K",674.1,1597,614,30861,527,0.649837133550489,0.726384364820847,0.0325732899022801,0.785016286644951,0.11400651465798,0.204918829590746,2.60097719869707
"137","Abbeyfeale","L","2K-5K",1069.2,2023,849,29095,489.65,0.534746760895171,0.634864546525324,0.0129564193168433,0.891637220259128,0.0683156654888104,0.201952225468294,2.38280329799764
"138","Castlerea","RN","< 2K",868.9,1992,848,28929,411.72,0.579009433962264,0.654481132075472,0.00589622641509434,0.938679245283019,0.0294811320754717,0.170785025407031,2.34905660377358
"139","Castleconnell","L","2K-5K",1296.6,2107,758,47005,801.83,0.700527704485488,0.806068601583113,0.00923482849604222,0.903693931398417,0.0382585751978892,0.204700776513137,2.77968337730871
"140","Ballaghaderreen","RN","< 2K",852.1,1808,749,26299,355.8,0.54739652870494,0.656875834445928,0.0120160213618158,0.919893190921228,0.0200267022696929,0.162348378265333,2.41388518024032
"141","Tubbercurry","SO","< 2K",877.6,1986,798,29493,434.19,0.607769423558897,0.738095238095238,0.0037593984962406,0.906015037593985,0.0513784461152882,0.176661580714068,2.48872180451128
"142","Edgeworthstown","LD","2K-5K",1514.1,2072,727,31320,445.29,0.612104539202201,0.72627235213205,0.0137551581843191,0.883081155433287,0.0412654745529574,0.170609195402299,2.85006877579092
"143","Portlaw","W","< 2K",1757.8,1742,648,35852,536.05,0.58179012345679,0.737654320987654,0.0169753086419753,0.927469135802469,0.0200617283950617,0.17942095280598,2.68827160493827
"144","Mountrath","LS","< 2K",1024.7,1774,700,30465,614.07,0.518571428571429,0.644285714285714,0.0242857142857143,0.898571428571429,0.0457142857142857,0.241878877400295,2.53428571428571
"145","Lifford","DL","< 2K",1347,1626,617,26087,456.22,0.457050243111831,0.690437601296596,0.00810372771474878,0.870340356564019,0.059967585089141,0.209860850231916,2.6353322528363
"146","Banagher","OY","< 2K",961.1,1760,674,34944,547.24,0.587537091988131,0.689910979228487,0.00445103857566766,0.937685459940653,0.0341246290801187,0.187925824175824,2.61127596439169
"147","Kilmallock","L","< 2K",827.2,1668,652,31283,551.76,0.535276073619632,0.648773006134969,0.0245398773006135,0.785276073619632,0.173312883435583,0.211652335134098,2.55828220858896
"148","Strandhill","SO","< 2K",1517.4,1753,659,52537,761.77,0.775417298937785,0.854324734446131,0.00606980273141123,0.895295902883156,0.0561456752655539,0.173996231227516,2.66009104704097
"149","Dunmanway","C","< 2K",910.9,1655,694,34980,618.46,0.569164265129683,0.677233429394813,0.0201729106628242,0.917867435158501,0.0475504322766571,0.212164665523156,2.38472622478386
"150","Millstreet","C","< 2K",762.5,1555,650,38296,577.09,0.633846153846154,0.707692307692308,0.0153846153846154,0.88,0.0738461538461539,0.180830373929392,2.39230769230769
"151","Ballymahon","LD","< 2K",1140.9,1877,729,31424,451.38,0.602194787379973,0.735253772290809,0.0164609053497942,0.883401920438957,0.0260631001371742,0.17237016293279,2.57475994513032
"152","Cloyne","C","< 2K",1909.7,1803,628,46463,757.51,0.68312101910828,0.799363057324841,0.0207006369426752,0.859872611464968,0.0875796178343949,0.195642123840475,2.87101910828025
"153","Dunmore East","W","< 2K",912,1808,673,38977,644.03,0.729569093610698,0.796433878157504,0.025260029717682,0.893016344725111,0.0638930163447251,0.198280011288709,2.68647845468053
"154","Moycullen","G","< 2K",1243.5,1704,593,54153,801.12,0.799325463743676,0.885328836424958,0.00505902192242833,0.809443507588533,0.116357504215852,0.177523682898454,2.87352445193929
"155","Rosslare","WX","< 2K",663.4,1620,551,30998,613.59,0.713248638838475,0.803992740471869,0.0217785843920145,0.921960072595281,0.043557168784029,0.237534034453836,2.94010889292196
"156","Fethard","T","< 2K",1016.5,1545,654,31051,573.8,0.516819571865443,0.665137614678899,0.0397553516819572,0.937308868501529,0.0397553516819572,0.22175131235709,2.36238532110092
"157","Ballymote","SO","< 2K",969.6,1549,660,28297,486.58,0.596969696969697,0.686363636363636,0.0181818181818182,0.933333333333333,0.0196969696969697,0.206345548998127,2.3469696969697
"158","Rathcormac","C","< 2K",2069.4,1762,616,49322,685.23,0.685064935064935,0.850649350649351,0.0178571428571429,0.896103896103896,0.0535714285714286,0.166715867158672,2.86038961038961
"159","Collooney","SO","< 2K",1325.3,1610,632,35660,551.53,0.615506329113924,0.762658227848101,0.0110759493670886,0.895569620253165,0.0300632911392405,0.185596186203029,2.54746835443038
"160","Castlemartyr","C","< 2K",2115.4,1600,571,44087,698.32,0.656742556917688,0.796847635726795,0.0157618213660245,0.887915936952715,0.0595446584938704,0.190075078821421,2.80210157618214
